{
    "camera": {
        "alpha": 1,
        "beta": 0,
        "pitch": 0.39048207312945293,
        "roll": 0,
        "yaw": -2.24545216718839
    },
    "bounds": {
        "xMin": -4.217131700712481,
        "xMax": 4.217131700712481,
        "yMin": -2.49952910177646,
        "yMax": 2.49952910177646
    },
    "expressions": [],
    "mode": 2
}