{
    "camera": {
        "alpha": 1,
        "beta": 0,
        "pitch": 0.786,
        "roll": 0,
        "yaw": 0.672
    },
    "bounds": {
        "xMin": -3.6770374690093313,
        "xMax": 3.6770374690093313,
        "yMin": -3.504580100278574,
        "yMax": 3.504580100278574
    },
    "expressions": [
        "a=2",
        "f\\left(z\\right)=\\frac{\\cos\\left(az\\right)}{\\cosh\\left(z\\right)}"
    ],
    "mode": 1
}