{
    "camera": {
        "alpha": 1,
        "beta": 0,
        "pitch": 0.6818333333333333,
        "roll": 0,
        "yaw": 1.6103426535897936
    },
    "bounds": {
        "xMin": -2.2618157889683017,
        "xMax": 2.2618157889683017,
        "yMin": -1.34059706658642,
        "yMax": 1.34059706658642
    },
    "expressions": [
        "f\\left(z\\right)=\\frac{z^5+1}{z^5-1}"
    ],
    "mode": 1
}